system:index,0_constant,1_B0_median,1_B1_median,1_B2_median,1_B3_median,1_B4_median,2_B0_median,2_B1_median,2_B2_median,2_B3_median,2_B4_median,.geo
9,4,1028.0,1433.0,2038.0,3348.0,65535.0,911.0,1287.0,1775.0,2823.0,65535.0,"{""type"":""Point"",""coordinates"":[33.750930101817396,46.347319598357664]}"
19,3,631.0,821.0,1089.0,2193.0,65535.0,493.0,634.0,803.0,1647.0,65535.0,"{""type"":""Point"",""coordinates"":[28.990822756307473,46.27818257810562]}"
20,0,351.0,424.0,470.0,1035.0,65535.0,615.0,739.0,969.0,1484.0,65535.0,"{""type"":""Point"",""coordinates"":[33.09322324479578,47.07386332073057]}"
26,3,524.0,719.0,853.0,2200.0,65535.0,748.0,1039.0,1289.0,2983.0,65535.0,"{""type"":""Point"",""coordinates"":[38.596773164319934,49.45541550179952]}"
28,2,754.0,973.0,1307.0,2193.0,65535.0,720.0,898.0,1186.0,2031.0,65535.0,"{""type"":""Point"",""coordinates"":[33.72342020990477,48.101586687453384]}"
29,0,571.0,816.0,640.0,4370.0,65535.0,459.0,766.0,785.0,3150.0,65535.0,"{""type"":""Point"",""coordinates"":[35.87123712762191,49.381066289089695]}"
35,1,725.0,950.0,1245.0,2185.0,65535.0,422.0,518.0,699.0,1323.0,65535.0,"{""type"":""Point"",""coordinates"":[29.720360671515333,46.038066829412124]}"
42,2,707.0,909.0,1267.0,2022.0,65535.0,779.0,928.0,1349.0,1438.0,65535.0,"{""type"":""Point"",""coordinates"":[37.22092307910854,47.03683500179649]}"
49,4,715.0,951.0,1372.0,2288.0,65535.0,781.0,1037.0,1491.0,2342.0,65535.0,"{""type"":""Point"",""coordinates"":[29.873856836794793,45.8222360591141]}"
53,2,1012.0,1387.0,1942.0,2885.0,65535.0,927.0,1257.0,1734.0,2497.0,65535.0,"{""type"":""Point"",""coordinates"":[35.77034581156955,46.968241611145615]}"
55,3,821.0,1049.0,1460.0,2233.0,65535.0,665.0,982.0,1056.0,3214.0,65535.0,"{""type"":""Point"",""coordinates"":[35.83310541537156,49.3017798853424]}"
70,0,471.0,682.0,662.0,2329.0,65535.0,386.0,614.0,642.0,2315.0,65535.0,"{""type"":""Point"",""coordinates"":[36.13164050600047,50.23732046002262]}"
71,4,228.0,430.0,430.0,1813.0,65535.0,312.0,381.0,441.0,1893.0,65535.0,"{""type"":""Point"",""coordinates"":[37.2347265663063,47.79051861955508]}"
81,2,1095.0,1668.0,2441.0,4280.0,65535.0,604.0,842.0,1018.0,2169.0,65535.0,"{""type"":""Point"",""coordinates"":[26.64461008910351,49.038635683166376]}"
85,2,835.0,1117.0,1519.0,2750.0,65535.0,650.0,907.0,1095.0,2903.0,65535.0,"{""type"":""Point"",""coordinates"":[36.364324767306336,49.162732200922804]}"
101,2,876.0,1162.0,1542.0,2417.0,65535.0,567.0,755.0,854.0,2327.0,65535.0,"{""type"":""Point"",""coordinates"":[33.4479735137055,48.38878348686175]}"
103,2,944.0,1219.0,1631.0,2465.0,65535.0,908.0,1241.0,1723.0,2721.0,65535.0,"{""type"":""Point"",""coordinates"":[35.0733832404426,47.99281951085625]}"
105,1,862.0,1134.0,1586.0,2475.0,65535.0,923.0,1205.0,1601.0,2585.0,65535.0,"{""type"":""Point"",""coordinates"":[34.87452542650774,47.39018794500743]}"
106,3,538.0,743.0,913.0,2142.0,65535.0,535.0,708.0,904.0,1827.0,65535.0,"{""type"":""Point"",""coordinates"":[37.75638075918731,49.20666073614449]}"
119,3,838.0,1058.0,1376.0,2400.0,65535.0,607.0,734.0,974.0,1862.0,65535.0,"{""type"":""Point"",""coordinates"":[33.833615116427,51.72933838982439]}"
141,2,893.0,1300.0,1888.0,2987.0,65535.0,580.0,688.0,965.0,1507.0,65535.0,"{""type"":""Point"",""coordinates"":[34.02788499682554,47.193721969254575]}"
143,0,541.0,768.0,927.0,2275.0,65535.0,525.0,743.0,841.0,2319.0,65535.0,"{""type"":""Point"",""coordinates"":[37.074288081864864,49.01010613151442]}"
146,4,660.0,862.0,1101.0,2361.0,65535.0,487.0,607.0,755.0,1790.0,65535.0,"{""type"":""Point"",""coordinates"":[32.63475774288097,50.830299323867145]}"
152,2,788.0,1077.0,1489.0,2614.0,65535.0,576.0,799.0,946.0,2108.0,65535.0,"{""type"":""Point"",""coordinates"":[29.567348222047443,45.98372352169224]}"
158,3,662.0,864.0,1198.0,1987.0,65535.0,720.0,975.0,1353.0,2012.0,65535.0,"{""type"":""Point"",""coordinates"":[30.458316613652432,46.53788408381395]}"
167,3,758.0,1109.0,1450.0,2632.0,65535.0,701.0,926.0,949.0,934.0,65535.0,"{""type"":""Point"",""coordinates"":[27.334764848516503,49.08656884426331]}"
169,0,268.0,453.0,474.0,2049.0,65535.0,308.0,470.0,605.0,1931.0,65535.0,"{""type"":""Point"",""coordinates"":[28.891258093630093,50.84501157454406]}"
171,2,559.0,786.0,1067.0,1913.0,65535.0,513.0,657.0,947.0,1658.0,65535.0,"{""type"":""Point"",""coordinates"":[37.27811965312109,47.73176938420064]}"
177,3,559.0,823.0,1105.0,1925.0,65535.0,5199.0,6780.0,5600.0,6379.0,65535.0,"{""type"":""Point"",""coordinates"":[28.793339071090106,50.306509578570825]}"
181,1,724.0,964.0,1295.0,2356.0,65535.0,603.0,787.0,954.0,1853.0,65535.0,"{""type"":""Point"",""coordinates"":[30.274977431063633,49.5974071397204]}"
184,3,364.0,687.0,901.0,2745.0,65535.0,727.0,1023.0,930.0,3408.0,65535.0,"{""type"":""Point"",""coordinates"":[24.85644527825462,49.06691909890904]}"
185,4,890.0,1170.0,1672.0,2390.0,65535.0,806.0,1054.0,1447.0,2079.0,65535.0,"{""type"":""Point"",""coordinates"":[31.00145950491955,46.85049308816494]}"
192,2,686.0,979.0,1258.0,2937.0,65535.0,613.0,871.0,1014.0,2618.0,65535.0,"{""type"":""Point"",""coordinates"":[29.171004034685932,45.42462833901434]}"
193,2,849.0,1193.0,1714.0,2665.0,65535.0,657.0,886.0,1220.0,2025.0,65535.0,"{""type"":""Point"",""coordinates"":[31.653273923630827,46.91585016846331]}"
209,1,759.0,1078.0,1420.0,2722.0,65535.0,651.0,948.0,1144.0,2358.0,65535.0,"{""type"":""Point"",""coordinates"":[33.713471657675896,44.80614858017893]}"
210,0,255.0,515.0,463.0,2663.0,65535.0,407.0,679.0,617.0,2944.0,65535.0,"{""type"":""Point"",""coordinates"":[31.58566657873202,51.99092782515339]}"
217,4,779.0,962.0,1307.0,2028.0,65535.0,503.0,538.0,759.0,1273.0,65535.0,"{""type"":""Point"",""coordinates"":[31.629552665514886,48.028473660024694]}"
222,0,469.0,607.0,810.0,1491.0,65535.0,729.0,894.0,1258.0,2073.0,65535.0,"{""type"":""Point"",""coordinates"":[33.07674478894098,47.27287788885148]}"
228,4,703.0,1008.0,1374.0,2654.0,65535.0,569.0,761.0,961.0,1853.0,65535.0,"{""type"":""Point"",""coordinates"":[32.15386714866072,49.068216698638075]}"
230,2,844.0,1167.0,1688.0,2695.0,65535.0,681.0,883.0,1184.0,1920.0,65535.0,"{""type"":""Point"",""coordinates"":[28.813339949923016,45.47405985226409]}"
232,0,487.0,596.0,806.0,1456.0,65535.0,546.0,661.0,800.0,1440.0,65535.0,"{""type"":""Point"",""coordinates"":[37.61765620742974,49.24523642594744]}"
233,5,613.0,801.0,1071.0,1853.0,65535.0,586.0,768.0,967.0,1966.0,65535.0,"{""type"":""Point"",""coordinates"":[32.31598534756109,49.92288199911195]}"
235,3,720.0,927.0,1275.0,2485.0,65535.0,482.0,778.0,672.0,2857.0,65535.0,"{""type"":""Point"",""coordinates"":[29.865106247683585,49.68861611066367]}"
237,2,613.0,854.0,1076.0,2619.0,65535.0,591.0,784.0,1023.0,2524.0,65535.0,"{""type"":""Point"",""coordinates"":[37.99774575225984,47.490878082411655]}"
238,3,826.0,1225.0,1842.0,2992.0,65535.0,786.0,1137.0,1722.0,3051.0,65535.0,"{""type"":""Point"",""coordinates"":[31.244622355044005,46.80234409000783]}"
248,2,811.0,1382.0,2298.0,4433.0,65535.0,595.0,762.0,956.0,1727.0,65535.0,"{""type"":""Point"",""coordinates"":[28.48377064243454,48.15317890744124]}"
249,3,918.0,1370.0,2010.0,3294.0,65535.0,400.0,482.0,603.0,1137.0,65535.0,"{""type"":""Point"",""coordinates"":[30.35336025322247,47.14674639140351]}"
255,1,605.0,920.0,1119.0,3003.0,65535.0,411.0,614.0,579.0,2410.0,65535.0,"{""type"":""Point"",""coordinates"":[33.91921649038379,47.31306465064798]}"
265,3,480.0,747.0,950.0,2343.0,65535.0,410.0,543.0,646.0,1632.0,65535.0,"{""type"":""Point"",""coordinates"":[27.883432033928948,49.84243057841514]}"
269,0,373.0,569.0,655.0,1752.0,65535.0,505.0,698.0,834.0,1865.0,65535.0,"{""type"":""Point"",""coordinates"":[37.08437364215511,49.13111526056728]}"
270,4,834.0,1084.0,1409.0,2660.0,65535.0,607.0,788.0,900.0,2171.0,65535.0,"{""type"":""Point"",""coordinates"":[24.54748333546671,50.3529122975266]}"
276,0,384.0,731.0,659.0,2946.0,65535.0,353.0,627.0,691.0,2887.0,65535.0,"{""type"":""Point"",""coordinates"":[28.053529712769432,50.811779147764305]}"
278,2,870.0,1335.0,1848.0,3937.0,65535.0,556.0,838.0,957.0,2847.0,65535.0,"{""type"":""Point"",""coordinates"":[28.342035131499372,48.529052193383556]}"
289,2,840.0,1150.0,1517.0,2668.0,65535.0,811.0,1093.0,1555.0,2329.0,65535.0,"{""type"":""Point"",""coordinates"":[35.75089091806684,47.887279686014594]}"
290,3,798.0,1079.0,1398.0,2821.0,65535.0,689.0,875.0,1085.0,2112.0,65535.0,"{""type"":""Point"",""coordinates"":[34.11351597358202,48.071351938943934]}"
294,0,479.0,626.0,782.0,1501.0,65535.0,585.0,681.0,976.0,1446.0,65535.0,"{""type"":""Point"",""coordinates"":[32.834652575593246,47.118503040142144]}"
297,3,657.0,918.0,1118.0,2329.0,65535.0,517.0,752.0,739.0,2489.0,65535.0,"{""type"":""Point"",""coordinates"":[37.7003632004233,48.70884320831288]}"
298,0,505.0,659.0,864.0,2036.0,65535.0,437.0,559.0,703.0,1741.0,65535.0,"{""type"":""Point"",""coordinates"":[37.13252496765159,48.881420260032115]}"
303,1,632.0,853.0,1221.0,1916.0,65535.0,709.0,1018.0,1373.0,2392.0,65535.0,"{""type"":""Point"",""coordinates"":[29.386804877894107,45.510357385075494]}"
306,2,696.0,968.0,1172.0,2969.0,65535.0,635.0,905.0,1158.0,2979.0,65535.0,"{""type"":""Point"",""coordinates"":[34.12225004522262,45.2460771264564]}"
311,3,514.0,765.0,942.0,2547.0,65535.0,427.0,613.0,766.0,2255.0,65535.0,"{""type"":""Point"",""coordinates"":[24.616096847163323,49.33625503760324]}"
316,2,738.0,936.0,1295.0,2170.0,65535.0,578.0,800.0,977.0,2576.0,65535.0,"{""type"":""Point"",""coordinates"":[35.49898710959644,48.21722995366897]}"
319,3,669.0,952.0,1286.0,2582.0,65535.0,626.0,890.0,1179.0,2567.0,65535.0,"{""type"":""Point"",""coordinates"":[34.19860742011744,45.592334238907355]}"
323,5,376.0,540.0,599.0,1584.0,65535.0,613.0,847.0,1097.0,2067.0,65535.0,"{""type"":""Point"",""coordinates"":[33.49562998734142,48.86851238427163]}"
324,0,551.0,769.0,903.0,2260.0,65535.0,568.0,774.0,870.0,2152.0,65535.0,"{""type"":""Point"",""coordinates"":[35.87760134680404,47.57199341226639]}"
327,3,719.0,1046.0,1376.0,2702.0,65535.0,731.0,988.0,1391.0,2466.0,65535.0,"{""type"":""Point"",""coordinates"":[36.40304897229814,47.23332179372532]}"
336,3,420.0,543.0,721.0,1565.0,65535.0,438.0,554.0,715.0,1884.0,65535.0,"{""type"":""Point"",""coordinates"":[36.43588937322364,47.48354644097283]}"
351,2,896.0,1204.0,1572.0,2252.0,65535.0,876.0,1221.0,1647.0,2417.0,65535.0,"{""type"":""Point"",""coordinates"":[39.77760479801364,49.06234040675457]}"
355,3,651.0,878.0,1186.0,2130.0,65535.0,830.0,1132.0,1490.0,2675.0,65535.0,"{""type"":""Point"",""coordinates"":[32.601974390721516,49.08288206298611]}"
357,0,614.0,759.0,985.0,2084.0,65535.0,454.0,737.0,554.0,2756.0,65535.0,"{""type"":""Point"",""coordinates"":[32.9839778156811,48.28793673742257]}"
362,3,466.0,642.0,805.0,1587.0,65535.0,456.0,576.0,728.0,1543.0,65535.0,"{""type"":""Point"",""coordinates"":[37.651044645923385,49.29537711588501]}"
372,4,989.0,1454.0,2049.0,3836.0,65535.0,577.0,981.0,879.0,3131.0,65535.0,"{""type"":""Point"",""coordinates"":[31.74889229519226,49.14557035556844]}"
382,4,646.0,831.0,901.0,2324.0,65535.0,500.0,753.0,795.0,2286.0,65535.0,"{""type"":""Point"",""coordinates"":[36.491824715348685,50.207258931553646]}"
384,3,817.0,1112.0,1505.0,2667.0,65535.0,779.0,1066.0,1409.0,2577.0,65535.0,"{""type"":""Point"",""coordinates"":[29.593685141084453,49.45363323622657]}"
394,0,463.0,614.0,790.0,1682.0,65535.0,649.0,851.0,1156.0,1883.0,65535.0,"{""type"":""Point"",""coordinates"":[36.69377965991627,49.24426262203702]}"
400,1,730.0,919.0,1253.0,1946.0,65535.0,822.0,1032.0,1307.0,2093.0,65535.0,"{""type"":""Point"",""coordinates"":[32.172534467439505,46.782833188666345]}"
402,3,808.0,1135.0,1533.0,2980.0,65535.0,760.0,1033.0,1421.0,2686.0,65535.0,"{""type"":""Point"",""coordinates"":[32.04424211964831,46.305313391759604]}"
403,2,731.0,1021.0,1429.0,2327.0,65535.0,749.0,1029.0,1435.0,2387.0,65535.0,"{""type"":""Point"",""coordinates"":[33.73069220565418,45.73554943150398]}"
417,3,783.0,1040.0,1401.0,2232.0,65535.0,701.0,830.0,1081.0,1685.0,65535.0,"{""type"":""Point"",""coordinates"":[30.63601983458271,47.77950394947528]}"
418,3,453.0,627.0,786.0,1804.0,65535.0,398.0,570.0,697.0,1677.0,65535.0,"{""type"":""Point"",""coordinates"":[34.66123619587639,50.29823645985133]}"
432,2,811.0,1072.0,1516.0,2269.0,65535.0,828.0,1141.0,1617.0,2422.0,65535.0,"{""type"":""Point"",""coordinates"":[34.58971268670913,46.26584480846905]}"
433,2,925.0,1284.0,1737.0,2666.0,65535.0,862.0,1083.0,1504.0,2126.0,65535.0,"{""type"":""Point"",""coordinates"":[38.07669506967085,47.57758075487283]}"
440,1,805.0,1058.0,1478.0,2208.0,65535.0,785.0,1003.0,1341.0,2107.0,65535.0,"{""type"":""Point"",""coordinates"":[31.33537852245773,46.65494722360526]}"
443,4,759.0,940.0,1245.0,2104.0,65535.0,805.0,996.0,1324.0,2275.0,65535.0,"{""type"":""Point"",""coordinates"":[35.2458635672156,48.66628061304386]}"
450,0,447.0,549.0,864.0,1563.0,65535.0,473.0,552.0,887.0,1372.0,65535.0,"{""type"":""Point"",""coordinates"":[36.152569962119365,49.23314178654629]}"
467,4,682.0,1096.0,1618.0,3110.0,65535.0,457.0,721.0,709.0,2797.0,65535.0,"{""type"":""Point"",""coordinates"":[26.443287334486552,49.506618382978225]}"
483,3,927.0,1263.0,1786.0,2729.0,65535.0,647.0,821.0,1087.0,1851.0,65535.0,"{""type"":""Point"",""coordinates"":[31.486296040019848,48.40923147639206]}"
487,0,347.0,546.0,652.0,2010.0,65535.0,411.0,531.0,644.0,1582.0,65535.0,"{""type"":""Point"",""coordinates"":[31.693563956111184,50.6254095046515]}"
494,0,423.0,608.0,679.0,2979.0,65535.0,410.0,591.0,721.0,2588.0,65535.0,"{""type"":""Point"",""coordinates"":[36.83415518117304,47.11044064782923]}"
501,3,1112.0,1509.0,1939.0,2869.0,65535.0,1045.0,1476.0,1889.0,2754.0,65535.0,"{""type"":""Point"",""coordinates"":[39.50682693214614,49.41110765086884]}"
504,0,426.0,595.0,623.0,3076.0,65535.0,392.0,597.0,545.0,3735.0,65535.0,"{""type"":""Point"",""coordinates"":[32.89366540495055,47.33528203700216]}"
509,3,685.0,908.0,1161.0,1864.0,65535.0,673.0,868.0,1100.0,1902.0,65535.0,"{""type"":""Point"",""coordinates"":[39.25237325046881,49.49913487670494]}"
512,3,267.0,433.0,350.0,2217.0,65535.0,347.0,512.0,459.0,2329.0,65535.0,"{""type"":""Point"",""coordinates"":[35.96395600448719,50.16005015334791]}"
529,0,447.0,631.0,847.0,2746.0,65535.0,364.0,613.0,607.0,3712.0,65535.0,"{""type"":""Point"",""coordinates"":[28.677991282889312,50.080261642603844]}"
542,1,1112.0,1692.0,2342.0,4054.0,65535.0,1263.0,1892.0,2634.0,4166.0,65535.0,"{""type"":""Point"",""coordinates"":[23.10836912471709,48.07568708792182]}"
545,4,685.0,1024.0,1156.0,3387.0,65535.0,557.0,888.0,936.0,2773.0,65535.0,"{""type"":""Point"",""coordinates"":[36.48987296524751,48.4620659184101]}"
546,3,806.0,1152.0,1550.0,2568.0,65535.0,617.0,984.0,1175.0,2792.0,65535.0,"{""type"":""Point"",""coordinates"":[26.930882371562138,48.70299289658973]}"
549,2,762.0,1001.0,1358.0,2204.0,65535.0,625.0,748.0,1030.0,1632.0,65535.0,"{""type"":""Point"",""coordinates"":[32.80676808945361,47.37809172078949]}"
560,3,925.0,1358.0,1887.0,3029.0,65535.0,959.0,1317.0,1911.0,2749.0,65535.0,"{""type"":""Point"",""coordinates"":[30.49517563742459,46.550204528945336]}"
561,2,563.0,729.0,992.0,1901.0,65535.0,386.0,506.0,577.0,1741.0,65535.0,"{""type"":""Point"",""coordinates"":[35.68431233970841,46.864709535303554]}"
565,2,369.0,507.0,589.0,1173.0,65535.0,488.0,636.0,882.0,1587.0,65535.0,"{""type"":""Point"",""coordinates"":[37.75697438571013,48.30360202676446]}"
570,2,517.0,636.0,871.0,1742.0,65535.0,448.0,595.0,786.0,1817.0,65535.0,"{""type"":""Point"",""coordinates"":[25.539194955503433,48.92486400236158]}"
572,3,393.0,567.0,656.0,1419.0,65535.0,687.0,868.0,1169.0,1950.0,65535.0,"{""type"":""Point"",""coordinates"":[34.47248632495785,48.814534858469905]}"
577,2,878.0,1208.0,1690.0,3021.0,65535.0,579.0,910.0,747.0,3225.0,65535.0,"{""type"":""Point"",""coordinates"":[26.337581996660315,48.831804474634964]}"
587,0,537.0,690.0,885.0,1713.0,65535.0,555.0,701.0,949.0,1772.0,65535.0,"{""type"":""Point"",""coordinates"":[39.86344126568125,49.35491625684232]}"
590,2,698.0,875.0,1072.0,1809.0,65535.0,641.0,738.0,986.0,1598.0,65535.0,"{""type"":""Point"",""coordinates"":[29.632693709687572,47.54760233486272]}"
595,2,765.0,1078.0,1523.0,2353.0,65535.0,809.0,1116.0,1512.0,2625.0,65535.0,"{""type"":""Point"",""coordinates"":[33.81660112382816,45.64002437493665]}"
599,3,1117.0,1572.0,2134.0,3562.0,65535.0,576.0,745.0,850.0,1784.0,65535.0,"{""type"":""Point"",""coordinates"":[31.01057945127065,47.94613688619043]}"
614,0,536.0,685.0,855.0,2174.0,65535.0,532.0,679.0,823.0,2094.0,65535.0,"{""type"":""Point"",""coordinates"":[31.64385192341223,48.369859496099636]}"
616,2,1151.0,1673.0,2364.0,3851.0,65535.0,932.0,1286.0,1733.0,2765.0,65535.0,"{""type"":""Point"",""coordinates"":[28.806435143935598,45.78702854016076]}"
626,2,777.0,1067.0,1491.0,2360.0,65535.0,644.0,806.0,1103.0,1754.0,65535.0,"{""type"":""Point"",""coordinates"":[29.764256903798604,45.925080490443115]}"
637,0,517.0,729.0,898.0,2164.0,65535.0,585.0,869.0,936.0,2727.0,65535.0,"{""type"":""Point"",""coordinates"":[36.00998812742731,49.27961181169473]}"
638,2,786.0,1068.0,1421.0,2464.0,65535.0,819.0,1070.0,1457.0,2291.0,65535.0,"{""type"":""Point"",""coordinates"":[29.181454928716956,45.92936282924452]}"
640,2,745.0,1135.0,1629.0,3159.0,65535.0,512.0,726.0,783.0,2325.0,65535.0,"{""type"":""Point"",""coordinates"":[29.306310737837478,49.68357167001477]}"
643,4,902.0,1275.0,1665.0,2922.0,65535.0,701.0,1190.0,1070.0,3479.0,65535.0,"{""type"":""Point"",""coordinates"":[24.244217068892016,50.08431910762424]}"
645,3,420.0,571.0,689.0,2447.0,65535.0,452.0,673.0,626.0,2776.0,65535.0,"{""type"":""Point"",""coordinates"":[37.61110280131561,49.275113568408855]}"
656,0,586.0,903.0,988.0,2988.0,65535.0,462.0,784.0,733.0,2933.0,65535.0,"{""type"":""Point"",""coordinates"":[36.290972907856116,48.556247916112035]}"
657,1,707.0,1108.0,1784.0,3446.0,65535.0,658.0,954.0,1472.0,2976.0,65535.0,"{""type"":""Point"",""coordinates"":[35.04293851419521,46.66354949802118]}"
659,5,558.0,784.0,1092.0,2233.0,65535.0,498.0,688.0,771.0,2026.0,65535.0,"{""type"":""Point"",""coordinates"":[28.482304407884616,49.70277996354316]}"
660,2,1019.0,1455.0,2227.0,3362.0,65535.0,910.0,1223.0,1900.0,2944.0,65535.0,"{""type"":""Point"",""coordinates"":[37.97005093776632,47.11578377730367]}"
661,3,748.0,1164.0,1704.0,3079.0,65535.0,531.0,678.0,953.0,1735.0,65535.0,"{""type"":""Point"",""coordinates"":[31.576388991619492,51.67541668209023]}"
672,0,521.0,794.0,909.0,3162.0,65535.0,354.0,642.0,580.0,3208.0,65535.0,"{""type"":""Point"",""coordinates"":[22.945212302082552,49.631533898562765]}"
678,4,789.0,1089.0,1386.0,2278.0,65535.0,647.0,888.0,1147.0,1954.0,65535.0,"{""type"":""Point"",""coordinates"":[39.79851715916276,48.52911316946691]}"
679,0,495.0,681.0,806.0,1919.0,65535.0,480.0,631.0,757.0,1918.0,65535.0,"{""type"":""Point"",""coordinates"":[37.39953554704427,49.22661982640221]}"
695,5,517.0,752.0,1033.0,2072.0,65535.0,520.0,765.0,1066.0,2389.0,65535.0,"{""type"":""Point"",""coordinates"":[33.23837353540489,51.12483991311541]}"
698,0,819.0,974.0,824.0,3926.0,65535.0,350.0,576.0,402.0,4471.0,65535.0,"{""type"":""Point"",""coordinates"":[30.08163380729828,50.78297111650222]}"
705,0,518.0,664.0,883.0,1878.0,65535.0,518.0,665.0,868.0,1879.0,65535.0,"{""type"":""Point"",""coordinates"":[35.901729226819626,49.207423569733656]}"
713,3,652.0,859.0,1064.0,2589.0,65535.0,516.0,748.0,803.0,2734.0,65535.0,"{""type"":""Point"",""coordinates"":[34.47344174068211,48.08863267479835]}"
715,2,644.0,896.0,1302.0,2246.0,65535.0,610.0,700.0,1075.0,1412.0,65535.0,"{""type"":""Point"",""coordinates"":[33.085677595569535,47.37090553023559]}"
716,4,537.0,747.0,989.0,2236.0,65535.0,661.0,928.0,1202.0,2385.0,65535.0,"{""type"":""Point"",""coordinates"":[25.445870247064374,50.482367285191884]}"
718,3,493.0,647.0,794.0,1641.0,65535.0,463.0,563.0,741.0,1496.0,65535.0,"{""type"":""Point"",""coordinates"":[30.481527979871736,48.2711717835338]}"
723,4,1038.0,1468.0,2067.0,3326.0,65535.0,811.0,993.0,1412.0,2149.0,65535.0,"{""type"":""Point"",""coordinates"":[30.571229425158766,48.00149960934962]}"
726,2,546.0,741.0,990.0,2429.0,65535.0,469.0,675.0,787.0,2311.0,65535.0,"{""type"":""Point"",""coordinates"":[37.31733752046537,48.480162751794865]}"
732,3,813.0,1271.0,1671.0,3328.0,65535.0,643.0,868.0,1143.0,2315.0,65535.0,"{""type"":""Point"",""coordinates"":[31.534678507070144,49.23785786057813]}"
737,3,560.0,871.0,922.0,2942.0,65535.0,539.0,818.0,882.0,2684.0,65535.0,"{""type"":""Point"",""coordinates"":[34.90155107926764,50.10388780353147]}"
739,0,540.0,674.0,943.0,1679.0,65535.0,495.0,605.0,835.0,1498.0,65535.0,"{""type"":""Point"",""coordinates"":[30.08127016132093,46.134915687875434]}"
748,0,448.0,762.0,782.0,3245.0,65535.0,471.0,752.0,802.0,3030.0,65535.0,"{""type"":""Point"",""coordinates"":[24.27023109551984,50.6299247046261]}"
755,2,931.0,1284.0,1731.0,2621.0,65535.0,758.0,931.0,1222.0,1965.0,65535.0,"{""type"":""Point"",""coordinates"":[30.30947723818157,47.18659767042413]}"
757,0,522.0,711.0,992.0,1965.0,65535.0,457.0,576.0,785.0,1391.0,65535.0,"{""type"":""Point"",""coordinates"":[32.64327452609892,46.974384284025724]}"
763,0,594.0,803.0,1060.0,2113.0,65535.0,351.0,453.0,631.0,1266.0,65535.0,"{""type"":""Point"",""coordinates"":[27.324816067599116,49.05457243434984]}"
764,3,848.0,1221.0,1664.0,2582.0,65535.0,762.0,973.0,1311.0,2098.0,65535.0,"{""type"":""Point"",""coordinates"":[37.39609896172636,47.44718570855429]}"
766,1,651.0,851.0,1125.0,2071.0,65535.0,655.0,777.0,1031.0,1632.0,65535.0,"{""type"":""Point"",""coordinates"":[33.34734158777394,47.45753934094797]}"
767,4,807.0,962.0,1247.0,2120.0,65535.0,832.0,1001.0,1292.0,2274.0,65535.0,"{""type"":""Point"",""coordinates"":[34.97000764484676,47.674592462270155]}"
770,3,928.0,1278.0,1789.0,2529.0,65535.0,901.0,1222.0,1678.0,2473.0,65535.0,"{""type"":""Point"",""coordinates"":[33.98838858825249,45.44003426083368]}"
780,0,462.0,634.0,769.0,1970.0,65535.0,387.0,561.0,654.0,1871.0,65535.0,"{""type"":""Point"",""coordinates"":[36.80593439096698,49.685744132522935]}"
782,5,600.0,871.0,1254.0,2355.0,65535.0,573.0,721.0,956.0,1638.0,65535.0,"{""type"":""Point"",""coordinates"":[27.392309737421765,50.037720821579114]}"
784,2,622.0,749.0,921.0,1763.0,65535.0,623.0,751.0,921.0,1724.0,65535.0,"{""type"":""Point"",""coordinates"":[35.468990641623876,47.60774673970572]}"
799,5,539.0,791.0,1127.0,2249.0,65535.0,709.0,923.0,1245.0,2294.0,65535.0,"{""type"":""Point"",""coordinates"":[35.8488148036026,45.0334371403209]}"
800,0,436.0,624.0,745.0,2029.0,65535.0,431.0,537.0,635.0,1530.0,65535.0,"{""type"":""Point"",""coordinates"":[30.143265724570327,46.6780016809089]}"
810,3,784.0,1168.0,1397.0,2809.0,65535.0,533.0,828.0,930.0,2424.0,65535.0,"{""type"":""Point"",""coordinates"":[27.648886789576242,48.76333715429534]}"
818,2,380.0,405.0,579.0,1079.0,65535.0,633.0,827.0,1174.0,1854.0,65535.0,"{""type"":""Point"",""coordinates"":[36.879087491421096,47.298184542088435]}"
823,3,463.0,643.0,941.0,1866.0,65535.0,491.0,656.0,933.0,1878.0,65535.0,"{""type"":""Point"",""coordinates"":[34.04411395759759,51.64623682969204]}"
824,2,691.0,919.0,1190.0,1928.0,65535.0,670.0,805.0,1153.0,1641.0,65535.0,"{""type"":""Point"",""coordinates"":[32.78794903517257,47.24110092794557]}"
825,3,717.0,1123.0,1596.0,3012.0,65535.0,767.0,1014.0,1462.0,2024.0,65535.0,"{""type"":""Point"",""coordinates"":[33.34617420635084,45.393120603046306]}"
827,5,391.0,542.0,611.0,1752.0,65535.0,765.0,1055.0,1428.0,2462.0,65535.0,"{""type"":""Point"",""coordinates"":[34.693538133072565,49.411715717115754]}"
842,0,583.0,755.0,1004.0,1837.0,65535.0,559.0,722.0,988.0,1719.0,65535.0,"{""type"":""Point"",""coordinates"":[37.39101248017612,48.67026819544599]}"
846,2,443.0,619.0,683.0,2074.0,65535.0,648.0,883.0,1204.0,2304.0,65535.0,"{""type"":""Point"",""coordinates"":[35.919072500703464,50.045061090050176]}"
848,1,1014.0,1440.0,2107.0,3256.0,65535.0,850.0,1126.0,1548.0,2393.0,65535.0,"{""type"":""Point"",""coordinates"":[28.710923756584577,45.53353697134904]}"
851,2,379.0,584.0,439.0,4192.0,65535.0,285.0,548.0,311.0,4828.0,65535.0,"{""type"":""Point"",""coordinates"":[29.377368266388807,45.4889691845056]}"
856,4,744.0,1114.0,1541.0,2613.0,65535.0,724.0,965.0,1294.0,2158.0,65535.0,"{""type"":""Point"",""coordinates"":[35.00665693659509,48.750007384671974]}"
857,4,745.0,1185.0,1630.0,3364.0,65535.0,619.0,824.0,1022.0,2736.0,65535.0,"{""type"":""Point"",""coordinates"":[33.726762218895544,46.838684799856026]}"
873,3,661.0,902.0,1208.0,2299.0,65535.0,883.0,1134.0,1405.0,2433.0,65535.0,"{""type"":""Point"",""coordinates"":[37.493359285927596,48.94495232641557]}"
876,0,454.0,681.0,760.0,1852.0,65535.0,492.0,696.0,804.0,2065.0,65535.0,"{""type"":""Point"",""coordinates"":[36.132784223854905,50.42251292032329]}"
877,5,511.0,675.0,926.0,2071.0,65535.0,741.0,950.0,1406.0,2352.0,65535.0,"{""type"":""Point"",""coordinates"":[33.00689511410891,48.48754667090892]}"
885,4,881.0,1265.0,1721.0,3141.0,65535.0,732.0,1070.0,1271.0,2762.0,65535.0,"{""type"":""Point"",""coordinates"":[37.413200268900475,47.30573892936071]}"
886,1,941.0,1368.0,1838.0,2955.0,65535.0,856.0,1156.0,1482.0,2371.0,65535.0,"{""type"":""Point"",""coordinates"":[32.57367369019663,46.874603603120825]}"
898,3,786.0,1061.0,1443.0,2406.0,65535.0,706.0,1067.0,1175.0,2655.0,65535.0,"{""type"":""Point"",""coordinates"":[24.40372403995844,51.527934236206676]}"
921,0,626.0,921.0,1378.0,2785.0,65535.0,491.0,897.0,714.0,3002.0,65535.0,"{""type"":""Point"",""coordinates"":[25.180117793527774,49.192224487582486]}"
922,0,459.0,596.0,775.0,2033.0,65535.0,499.0,644.0,737.0,2577.0,65535.0,"{""type"":""Point"",""coordinates"":[35.98038220376115,49.28433937666687]}"
928,1,532.0,812.0,855.0,2935.0,65535.0,451.0,600.0,834.0,1572.0,65535.0,"{""type"":""Point"",""coordinates"":[31.404060853945882,47.8436886878266]}"
935,3,812.0,1107.0,1338.0,3047.0,65535.0,683.0,787.0,1105.0,1718.0,65535.0,"{""type"":""Point"",""coordinates"":[36.5951652729813,48.92470529757506]}"
938,3,507.0,728.0,876.0,1877.0,65535.0,395.0,642.0,717.0,2292.0,65535.0,"{""type"":""Point"",""coordinates"":[24.888428367243627,51.00433281611978]}"
944,0,464.0,672.0,823.0,2468.0,65535.0,460.0,635.0,752.0,2079.0,65535.0,"{""type"":""Point"",""coordinates"":[37.67448158319868,48.770461158943924]}"
951,2,807.0,1112.0,1363.0,2647.0,65535.0,539.0,821.0,862.0,2223.0,65535.0,"{""type"":""Point"",""coordinates"":[29.48008081744683,49.336789618815075]}"
953,5,351.0,540.0,711.0,1477.0,65535.0,524.0,668.0,995.0,1918.0,65535.0,"{""type"":""Point"",""coordinates"":[33.225330251329645,51.471114344656996]}"
961,0,577.0,893.0,1332.0,2946.0,65535.0,421.0,630.0,642.0,2519.0,65535.0,"{""type"":""Point"",""coordinates"":[30.59763203303957,49.78218362200167]}"
963,3,889.0,1182.0,1529.0,2290.0,65535.0,831.0,1090.0,1431.0,2198.0,65535.0,"{""type"":""Point"",""coordinates"":[39.11665050679889,49.28388586216827]}"
969,1,1005.0,1477.0,2198.0,3387.0,65535.0,917.0,1308.0,1885.0,2920.0,65535.0,"{""type"":""Point"",""coordinates"":[35.189472884311776,46.412002865690425]}"
979,2,767.0,1007.0,1312.0,2208.0,65535.0,577.0,782.0,866.0,2203.0,65535.0,"{""type"":""Point"",""coordinates"":[34.36045667771917,46.98677658336666]}"
998,4,424.0,428.0,646.0,1131.0,65535.0,592.0,639.0,941.0,1248.0,65535.0,"{""type"":""Point"",""coordinates"":[36.44204918641309,48.38118889429244]}"
1006,3,556.0,711.0,951.0,1624.0,65535.0,596.0,748.0,1014.0,1651.0,65535.0,"{""type"":""Point"",""coordinates"":[36.662302284468254,48.69528607721305]}"
1009,3,498.0,725.0,966.0,2065.0,65535.0,960.0,1313.0,1727.0,2889.0,65535.0,"{""type"":""Point"",""coordinates"":[28.70950813541339,50.43859761893883]}"
1011,3,640.0,888.0,1141.0,2341.0,65535.0,507.0,625.0,867.0,1566.0,65535.0,"{""type"":""Point"",""coordinates"":[29.71949151117296,48.11060813444315]}"
1018,0,445.0,727.0,708.0,2665.0,65535.0,361.0,580.0,578.0,2892.0,65535.0,"{""type"":""Point"",""coordinates"":[37.707689109776894,49.66440367663213]}"
1021,3,653.0,933.0,1279.0,2765.0,65535.0,777.0,1032.0,1510.0,2869.0,65535.0,"{""type"":""Point"",""coordinates"":[36.63031182639895,47.34800024526878]}"
1022,1,671.0,971.0,1416.0,2145.0,65535.0,644.0,932.0,1392.0,1954.0,65535.0,"{""type"":""Point"",""coordinates"":[33.874122350077535,45.695876402005354]}"
1024,4,746.0,1010.0,1290.0,2499.0,65535.0,423.0,760.0,648.0,2907.0,65535.0,"{""type"":""Point"",""coordinates"":[24.796027765993912,49.34516094631934]}"
1035,3,1021.0,1429.0,1995.0,3727.0,65535.0,734.0,934.0,1136.0,2564.0,65535.0,"{""type"":""Point"",""coordinates"":[30.55249885249763,47.92087028140563]}"
1036,2,1242.0,1795.0,2621.0,3978.0,65535.0,840.0,1140.0,1345.0,3186.0,65535.0,"{""type"":""Point"",""coordinates"":[29.311601883913806,47.484956733356526]}"
1056,4,698.0,1024.0,1446.0,2427.0,65535.0,674.0,952.0,1292.0,2208.0,65535.0,"{""type"":""Point"",""coordinates"":[30.165326830248457,46.2514518119526]}"
1058,3,612.0,941.0,1207.0,3190.0,65535.0,458.0,715.0,777.0,2891.0,65535.0,"{""type"":""Point"",""coordinates"":[34.085893015980915,45.05108057912138]}"
1066,4,678.0,964.0,1276.0,2354.0,65535.0,576.0,831.0,944.0,2290.0,65535.0,"{""type"":""Point"",""coordinates"":[37.386090418013325,47.05456292202681]}"
1072,2,544.0,820.0,828.0,2950.0,65535.0,525.0,749.0,770.0,3031.0,65535.0,"{""type"":""Point"",""coordinates"":[35.0936923983028,47.75616817482841]}"
1081,3,769.0,1119.0,1620.0,2558.0,65535.0,871.0,1154.0,1613.0,2508.0,65535.0,"{""type"":""Point"",""coordinates"":[33.59137527237683,46.38528583925891]}"
1085,3,741.0,949.0,1313.0,2098.0,65535.0,700.0,939.0,1287.0,2221.0,65535.0,"{""type"":""Point"",""coordinates"":[35.064579449024826,48.263491646058824]}"
1087,2,480.0,627.0,822.0,1628.0,65535.0,559.0,728.0,891.0,1878.0,65535.0,"{""type"":""Point"",""coordinates"":[29.2724984278701,49.979444202664865]}"
1090,3,449.0,633.0,702.0,2063.0,65535.0,411.0,583.0,690.0,1418.0,65535.0,"{""type"":""Point"",""coordinates"":[30.157997713436195,46.7496128260959]}"
1095,3,578.0,728.0,923.0,1535.0,65535.0,660.0,868.0,1101.0,1853.0,65535.0,"{""type"":""Point"",""coordinates"":[39.93592880201911,49.427775418377706]}"
1120,2,1149.0,1578.0,2177.0,3351.0,65535.0,890.0,1123.0,1583.0,2327.0,65535.0,"{""type"":""Point"",""coordinates"":[33.11466365599134,47.71634440227913]}"
1124,3,506.0,702.0,983.0,1960.0,65535.0,477.0,621.0,878.0,1635.0,65535.0,"{""type"":""Point"",""coordinates"":[32.362315851914126,51.53889694407635]}"
1136,2,813.0,1117.0,1513.0,2871.0,65535.0,458.0,596.0,904.0,1586.0,65535.0,"{""type"":""Point"",""coordinates"":[36.21033144380455,47.11557539824061]}"
1137,2,681.0,934.0,1385.0,2537.0,65535.0,745.0,995.0,1405.0,2339.0,65535.0,"{""type"":""Point"",""coordinates"":[34.16753256922046,47.41122536243166]}"
1147,1,395.0,434.0,574.0,910.0,65535.0,663.0,795.0,1132.0,1480.0,65535.0,"{""type"":""Point"",""coordinates"":[34.37888942107939,46.86967551132074]}"
1151,3,768.0,1068.0,1437.0,2786.0,65535.0,407.0,647.0,632.0,2522.0,65535.0,"{""type"":""Point"",""coordinates"":[24.657824402463753,49.71590880760705]}"
1156,1,896.0,1179.0,1670.0,2592.0,65535.0,808.0,1039.0,1427.0,2200.0,65535.0,"{""type"":""Point"",""coordinates"":[32.36734585918059,47.32002008223279]}"
1159,4,871.0,1228.0,1625.0,2835.0,65535.0,848.0,1175.0,1607.0,2781.0,65535.0,"{""type"":""Point"",""coordinates"":[39.32266602839793,48.869624025018155]}"
1165,0,550.0,700.0,938.0,1511.0,65535.0,545.0,709.0,952.0,1631.0,65535.0,"{""type"":""Point"",""coordinates"":[39.38407307290018,49.022866955626384]}"
1166,4,639.0,1022.0,1264.0,2844.0,65535.0,485.0,776.0,807.0,2937.0,65535.0,"{""type"":""Point"",""coordinates"":[25.002387847738515,50.83416571191323]}"
1167,2,825.0,1192.0,1665.0,2794.0,65535.0,745.0,1012.0,1434.0,2251.0,65535.0,"{""type"":""Point"",""coordinates"":[33.56080157319705,46.57177763886993]}"
1168,0,395.0,641.0,883.0,2306.0,65535.0,584.0,813.0,967.0,2126.0,65535.0,"{""type"":""Point"",""coordinates"":[27.297004873133684,50.44724595581386]}"
1174,2,1095.0,1527.0,2261.0,3381.0,65535.0,701.0,922.0,1239.0,2075.0,65535.0,"{""type"":""Point"",""coordinates"":[31.74224827407648,47.14075203669387]}"
1177,2,773.0,981.0,1275.0,2165.0,65535.0,592.0,829.0,960.0,2706.0,65535.0,"{""type"":""Point"",""coordinates"":[36.70541121563381,48.45669409558216]}"
1185,2,860.0,1128.0,1560.0,2305.0,65535.0,857.0,1081.0,1512.0,2265.0,65535.0,"{""type"":""Point"",""coordinates"":[32.30411275293026,47.31166174716182]}"
1189,2,555.0,702.0,919.0,1507.0,65535.0,455.0,533.0,690.0,1489.0,65535.0,"{""type"":""Point"",""coordinates"":[29.00111189966182,48.046919495284904]}"
1195,2,744.0,1114.0,1496.0,2964.0,65535.0,415.0,428.0,542.0,833.0,65535.0,"{""type"":""Point"",""coordinates"":[36.442581681841475,47.121382371451006]}"
1200,5,397.0,593.0,762.0,1577.0,65535.0,877.0,1298.0,1835.0,3184.0,65535.0,"{""type"":""Point"",""coordinates"":[37.437366974830844,50.26388602595891]}"
1208,3,932.0,1305.0,1761.0,2808.0,65535.0,550.0,645.0,873.0,1511.0,65535.0,"{""type"":""Point"",""coordinates"":[31.089156210050888,47.51094954823536]}"
1218,1,669.0,831.0,1117.0,1855.0,65535.0,474.0,565.0,756.0,1359.0,65535.0,"{""type"":""Point"",""coordinates"":[31.901835126105436,47.70296556073314]}"
1219,2,967.0,1350.0,1938.0,2605.0,65535.0,1017.0,1438.0,2015.0,3034.0,65535.0,"{""type"":""Point"",""coordinates"":[34.244583207775136,45.90981129024805]}"
1233,3,922.0,1296.0,1720.0,3144.0,65535.0,671.0,1024.0,1240.0,2897.0,65535.0,"{""type"":""Point"",""coordinates"":[24.263507779351933,49.367783976451435]}"
1242,5,540.0,651.0,925.0,1705.0,65535.0,984.0,1268.0,1723.0,2614.0,65535.0,"{""type"":""Point"",""coordinates"":[35.734980244906595,49.03541703194756]}"
1252,0,579.0,832.0,1262.0,2310.0,65535.0,582.0,847.0,1105.0,2243.0,65535.0,"{""type"":""Point"",""coordinates"":[27.96417015060002,50.15007759719323]}"
1254,2,696.0,1082.0,1363.0,2783.0,65535.0,641.0,858.0,1157.0,2274.0,65535.0,"{""type"":""Point"",""coordinates"":[32.788033474606344,47.99740759724445]}"
1256,2,1074.0,1570.0,2328.0,3657.0,65535.0,425.0,393.0,586.0,699.0,65535.0,"{""type"":""Point"",""coordinates"":[36.343939889703314,46.97233806119265]}"
1268,0,596.0,823.0,1062.0,2200.0,65535.0,555.0,886.0,831.0,2724.0,65535.0,"{""type"":""Point"",""coordinates"":[30.782519617682006,47.41298360125561]}"
1280,0,439.0,612.0,729.0,1753.0,65535.0,437.0,605.0,679.0,1913.0,65535.0,"{""type"":""Point"",""coordinates"":[37.021558694932224,49.623091600933414]}"
1289,2,554.0,727.0,1067.0,1923.0,65535.0,623.0,774.0,1043.0,1659.0,65535.0,"{""type"":""Point"",""coordinates"":[35.9018944001404,47.60691231238507]}"
1290,3,953.0,1467.0,2074.0,3278.0,65535.0,986.0,1426.0,1982.0,2990.0,65535.0,"{""type"":""Point"",""coordinates"":[39.68181618507874,48.09227710188336]}"
1292,3,430.0,579.0,754.0,1616.0,65535.0,553.0,895.0,997.0,3400.0,65535.0,"{""type"":""Point"",""coordinates"":[34.00925197863499,50.26697796012871]}"
1296,3,916.0,1122.0,1454.0,2574.0,65535.0,598.0,857.0,940.0,2364.0,65535.0,"{""type"":""Point"",""coordinates"":[28.956912313372918,49.035521338547234]}"
1303,2,421.0,505.0,681.0,1472.0,65535.0,537.0,639.0,839.0,1622.0,65535.0,"{""type"":""Point"",""coordinates"":[28.732556013782883,48.35295608273111]}"
1313,4,712.0,924.0,1266.0,2252.0,65535.0,605.0,922.0,864.0,2815.0,65535.0,"{""type"":""Point"",""coordinates"":[25.89329570381448,49.495102397330676]}"
1325,1,667.0,954.0,1208.0,2616.0,65535.0,572.0,745.0,771.0,2219.0,65535.0,"{""type"":""Point"",""coordinates"":[28.436889952498333,49.15133550783418]}"
1345,3,802.0,1158.0,1722.0,3159.0,65535.0,865.0,1240.0,1611.0,3019.0,65535.0,"{""type"":""Point"",""coordinates"":[26.47036933492332,48.62218985289466]}"
1352,1,619.0,809.0,1107.0,1808.0,65535.0,675.0,871.0,1192.0,1929.0,65535.0,"{""type"":""Point"",""coordinates"":[34.119914238838376,46.528491412483646]}"
1372,3,921.0,1321.0,1765.0,3292.0,65535.0,491.0,807.0,737.0,2819.0,65535.0,"{""type"":""Point"",""coordinates"":[28.020290551301095,49.01521551189345]}"
1376,1,869.0,1348.0,1910.0,3274.0,65535.0,697.0,950.0,1219.0,2546.0,65535.0,"{""type"":""Point"",""coordinates"":[33.52455870339916,47.21607508633187]}"
1378,2,493.0,744.0,827.0,2384.0,65535.0,342.0,513.0,503.0,2076.0,65535.0,"{""type"":""Point"",""coordinates"":[29.610607255171676,50.10280090372244]}"
1380,2,501.0,562.0,716.0,1310.0,65535.0,606.0,683.0,960.0,1580.0,65535.0,"{""type"":""Point"",""coordinates"":[32.303689208882844,47.421982352961095]}"
1400,4,689.0,977.0,1434.0,2091.0,65535.0,800.0,1081.0,1570.0,1906.0,65535.0,"{""type"":""Point"",""coordinates"":[35.989876964177306,45.193268211115665]}"
1401,2,978.0,1386.0,1865.0,2967.0,65535.0,1145.0,1616.0,2023.0,3514.0,65535.0,"{""type"":""Point"",""coordinates"":[28.567182478844014,45.47533181602205]}"
1403,3,720.0,1075.0,1410.0,2536.0,65535.0,805.0,1044.0,1434.0,2276.0,65535.0,"{""type"":""Point"",""coordinates"":[34.542734475313104,49.84964728114873]}"
1404,3,887.0,1216.0,1725.0,2879.0,65535.0,790.0,1055.0,1489.0,2478.0,65535.0,"{""type"":""Point"",""coordinates"":[32.207584431703104,46.37480349724572]}"
1406,0,497.0,718.0,947.0,2137.0,65535.0,446.0,577.0,816.0,1665.0,65535.0,"{""type"":""Point"",""coordinates"":[36.8224819294322,47.73483513557147]}"
1408,3,737.0,998.0,1302.0,2294.0,65535.0,680.0,956.0,1185.0,2569.0,65535.0,"{""type"":""Point"",""coordinates"":[38.748330851642066,49.563476019615344]}"
1409,2,916.0,1335.0,1754.0,2872.0,65535.0,725.0,956.0,1255.0,2384.0,65535.0,"{""type"":""Point"",""coordinates"":[35.200304589848784,47.130204928171445]}"
1418,4,750.0,1085.0,1489.0,3152.0,65535.0,426.0,657.0,639.0,2570.0,65535.0,"{""type"":""Point"",""coordinates"":[31.98980127767349,48.15823048575887]}"
1422,0,376.0,455.0,590.0,1235.0,65535.0,626.0,710.0,1013.0,1455.0,65535.0,"{""type"":""Point"",""coordinates"":[33.0371193519239,47.24416481908893]}"
1426,2,761.0,986.0,1352.0,2137.0,65535.0,758.0,979.0,1361.0,2011.0,65535.0,"{""type"":""Point"",""coordinates"":[29.938613174024017,46.18785394388899]}"
1429,2,614.0,768.0,1013.0,1648.0,65535.0,593.0,720.0,1007.0,1562.0,65535.0,"{""type"":""Point"",""coordinates"":[36.79785719062297,48.00080839335757]}"
1437,0,425.0,624.0,897.0,1895.0,65535.0,458.0,526.0,882.0,1673.0,65535.0,"{""type"":""Point"",""coordinates"":[32.61041455108863,47.24700583742909]}"
1439,3,742.0,1028.0,1501.0,2615.0,65535.0,469.0,556.0,750.0,1464.0,65535.0,"{""type"":""Point"",""coordinates"":[29.558446910877695,49.58593016356173]}"
1443,2,1013.0,1290.0,1704.0,2971.0,65535.0,426.0,645.0,540.0,2788.0,65535.0,"{""type"":""Point"",""coordinates"":[26.086379454677584,49.02070820784055]}"
1447,2,1103.0,1657.0,2391.0,4053.0,65535.0,517.0,821.0,782.0,2782.0,65535.0,"{""type"":""Point"",""coordinates"":[29.292503356612738,48.94204146754194]}"
1453,0,602.0,797.0,1122.0,1665.0,65535.0,605.0,710.0,1003.0,1642.0,65535.0,"{""type"":""Point"",""coordinates"":[31.36921545565973,46.9881935636423]}"
1459,3,936.0,1449.0,2162.0,3381.0,65535.0,713.0,955.0,1323.0,2321.0,65535.0,"{""type"":""Point"",""coordinates"":[34.44712288084284,46.610601089540864]}"
1464,3,810.0,1050.0,1461.0,2090.0,65535.0,770.0,1035.0,1397.0,1997.0,65535.0,"{""type"":""Point"",""coordinates"":[38.300428719045904,49.33136677004656]}"
1468,3,975.0,1481.0,1932.0,3425.0,65535.0,552.0,931.0,812.0,3100.0,65535.0,"{""type"":""Point"",""coordinates"":[24.9417846911502,50.47502236522523]}"
1476,2,353.0,395.0,504.0,797.0,65535.0,670.0,809.0,1114.0,1719.0,65535.0,"{""type"":""Point"",""coordinates"":[36.921140264706416,47.24329090315821]}"
1479,3,921.0,1443.0,1915.0,4160.0,65535.0,741.0,1066.0,1380.0,3034.0,65535.0,"{""type"":""Point"",""coordinates"":[36.6291736872576,47.15768356233058]}"
1489,1,790.0,1190.0,1725.0,3031.0,65535.0,668.0,910.0,1281.0,2133.0,65535.0,"{""type"":""Point"",""coordinates"":[28.768977743812307,45.70850876076964]}"
1492,4,771.0,942.0,1269.0,2150.0,65535.0,962.0,1258.0,1643.0,2547.0,65535.0,"{""type"":""Point"",""coordinates"":[32.81222569801218,46.69724823803773]}"
1494,3,721.0,938.0,1363.0,2497.0,65535.0,865.0,1175.0,1676.0,3040.0,65535.0,"{""type"":""Point"",""coordinates"":[34.015924434576156,51.73833895082157]}"
1495,5,408.0,618.0,875.0,1940.0,65535.0,776.0,1120.0,1436.0,3085.0,65535.0,"{""type"":""Point"",""coordinates"":[38.59694359753227,49.82296027758051]}"
1502,0,552.0,810.0,1035.0,2335.0,65535.0,531.0,835.0,994.0,2353.0,65535.0,"{""type"":""Point"",""coordinates"":[38.5992854483279,48.708739788374615]}"
1505,4,739.0,992.0,1396.0,2765.0,65535.0,429.0,903.0,512.0,4713.0,65535.0,"{""type"":""Point"",""coordinates"":[26.464304302845527,48.95558844154776]}"
1506,2,1136.0,1749.0,2551.0,4076.0,65535.0,516.0,645.0,841.0,1422.0,65535.0,"{""type"":""Point"",""coordinates"":[29.855868298174556,46.89881022935942]}"
1509,2,583.0,707.0,987.0,1636.0,65535.0,624.0,786.0,1049.0,1741.0,65535.0,"{""type"":""Point"",""coordinates"":[31.84457979319579,46.67560067084134]}"
1512,2,730.0,1013.0,1248.0,2866.0,65535.0,561.0,739.0,925.0,2299.0,65535.0,"{""type"":""Point"",""coordinates"":[25.923410095087977,48.90589877911852]}"
1517,3,484.0,717.0,830.0,2203.0,65535.0,426.0,572.0,682.0,2001.0,65535.0,"{""type"":""Point"",""coordinates"":[30.837637013894238,46.911306130846214]}"
1520,3,705.0,1039.0,1340.0,2699.0,65535.0,646.0,975.0,1211.0,2903.0,65535.0,"{""type"":""Point"",""coordinates"":[35.833311318117175,49.84625796286376]}"
1522,3,602.0,744.0,914.0,2185.0,65535.0,676.0,880.0,1173.0,1990.0,65535.0,"{""type"":""Point"",""coordinates"":[30.56303201270568,48.58891672008512]}"
1525,2,626.0,959.0,1000.0,3233.0,65535.0,604.0,938.0,829.0,3113.0,65535.0,"{""type"":""Point"",""coordinates"":[34.35996351269356,47.693403968058206]}"
1536,0,584.0,831.0,1056.0,2208.0,65535.0,680.0,909.0,1139.0,1965.0,65535.0,"{""type"":""Point"",""coordinates"":[33.085771652205175,46.9823162748832]}"
1537,1,416.0,517.0,684.0,1499.0,65535.0,535.0,664.0,869.0,1731.0,65535.0,"{""type"":""Point"",""coordinates"":[33.53041933476955,49.789845453493825]}"
1544,3,836.0,1219.0,1764.0,2851.0,65535.0,739.0,956.0,1351.0,2121.0,65535.0,"{""type"":""Point"",""coordinates"":[30.53508737035692,48.24828156563039]}"
1547,2,852.0,1143.0,1552.0,2379.0,65535.0,507.0,644.0,921.0,1308.0,65535.0,"{""type"":""Point"",""coordinates"":[36.67797145976241,46.948092098224414]}"
1548,2,1161.0,1677.0,2535.0,4075.0,65535.0,793.0,1018.0,1332.0,2209.0,65535.0,"{""type"":""Point"",""coordinates"":[32.19213698078964,48.4316996005715]}"
1550,2,993.0,1530.0,2213.0,3467.0,65535.0,641.0,853.0,1092.0,2016.0,65535.0,"{""type"":""Point"",""coordinates"":[29.89476445456292,47.06403635273042]}"
1552,3,629.0,937.0,1218.0,2784.0,65535.0,629.0,881.0,1153.0,2519.0,65535.0,"{""type"":""Point"",""coordinates"":[22.79005268555359,49.671616389693355]}"
1558,0,351.0,739.0,618.0,4672.0,65535.0,420.0,743.0,558.0,4729.0,65535.0,"{""type"":""Point"",""coordinates"":[36.45443644348888,49.07311912574893]}"
1563,1,652.0,976.0,1310.0,2877.0,65535.0,526.0,742.0,954.0,2214.0,65535.0,"{""type"":""Point"",""coordinates"":[33.228883358416326,46.72365959202906]}"
1568,3,857.0,1298.0,1852.0,3354.0,65535.0,683.0,955.0,1185.0,2287.0,65535.0,"{""type"":""Point"",""coordinates"":[33.42030457567587,46.50976289616466]}"
1578,3,738.0,1014.0,1403.0,2117.0,65535.0,764.0,964.0,1361.0,1978.0,65535.0,"{""type"":""Point"",""coordinates"":[34.161552182333395,46.38342633713291]}"
1589,3,799.0,1156.0,1662.0,3107.0,65535.0,756.0,966.0,1388.0,2191.0,65535.0,"{""type"":""Point"",""coordinates"":[33.15934797536901,45.37064433914204]}"
1594,1,925.0,1301.0,1754.0,2733.0,65535.0,988.0,1366.0,1860.0,2718.0,65535.0,"{""type"":""Point"",""coordinates"":[33.476590947368955,45.58159771968045]}"
1599,3,719.0,1008.0,1289.0,2470.0,65535.0,616.0,774.0,1029.0,1801.0,65535.0,"{""type"":""Point"",""coordinates"":[33.747658966742954,47.818291149009]}"
1604,3,663.0,1018.0,1531.0,2986.0,65535.0,513.0,906.0,665.0,3330.0,65535.0,"{""type"":""Point"",""coordinates"":[26.28970883084819,49.21936828693385]}"
1614,1,765.0,997.0,1416.0,2363.0,65535.0,617.0,736.0,1000.0,1719.0,65535.0,"{""type"":""Point"",""coordinates"":[31.5425892264104,47.242016410788494]}"
1623,0,478.0,678.0,818.0,1955.0,65535.0,424.0,655.0,748.0,1946.0,65535.0,"{""type"":""Point"",""coordinates"":[37.45089641152955,49.19762627413871]}"
1626,0,608.0,810.0,1227.0,2319.0,65535.0,483.0,607.0,855.0,1581.0,65535.0,"{""type"":""Point"",""coordinates"":[36.074018528207716,47.432793594790276]}"
1627,3,453.0,727.0,899.0,2047.0,65535.0,390.0,543.0,655.0,1536.0,65535.0,"{""type"":""Point"",""coordinates"":[23.061484282504516,49.71985831224456]}"
1632,2,713.0,876.0,1259.0,1868.0,65535.0,690.0,864.0,1245.0,2068.0,65535.0,"{""type"":""Point"",""coordinates"":[35.16050134687015,48.2260288207556]}"
1636,1,752.0,1078.0,1415.0,2967.0,65535.0,725.0,951.0,1296.0,2382.0,65535.0,"{""type"":""Point"",""coordinates"":[33.11736855037437,45.36628647018649]}"
1638,0,366.0,653.0,516.0,2777.0,65535.0,395.0,553.0,578.0,1955.0,65535.0,"{""type"":""Point"",""coordinates"":[30.028378997721692,47.64260052550997]}"
1644,2,616.0,870.0,1197.0,2548.0,65535.0,566.0,805.0,974.0,2143.0,65535.0,"{""type"":""Point"",""coordinates"":[34.7624746452168,45.26291193424909]}"
1649,0,416.0,586.0,648.0,2766.0,65535.0,443.0,627.0,697.0,2779.0,65535.0,"{""type"":""Point"",""coordinates"":[32.13384554580774,46.785418178833346]}"
1657,1,967.0,1309.0,1894.0,3151.0,65535.0,802.0,1047.0,1512.0,2174.0,65535.0,"{""type"":""Point"",""coordinates"":[32.70223495982094,47.30195419706864]}"
1662,2,522.0,647.0,892.0,1604.0,65535.0,683.0,825.0,1111.0,1761.0,65535.0,"{""type"":""Point"",""coordinates"":[29.592525842626287,45.72421272045343]}"
1673,4,772.0,1141.0,1700.0,2912.0,65535.0,698.0,953.0,1437.0,2179.0,65535.0,"{""type"":""Point"",""coordinates"":[36.259418311657065,47.707993917635136]}"
1676,0,509.0,735.0,862.0,2458.0,65535.0,406.0,869.0,523.0,3489.0,65535.0,"{""type"":""Point"",""coordinates"":[25.476147534786207,49.38829346611969]}"
1677,4,983.0,1258.0,1760.0,2565.0,65535.0,792.0,986.0,1379.0,2053.0,65535.0,"{""type"":""Point"",""coordinates"":[36.31146354275878,47.831079443475595]}"
1679,0,492.0,708.0,886.0,2148.0,65535.0,461.0,689.0,811.0,2230.0,65535.0,"{""type"":""Point"",""coordinates"":[35.4457572618292,50.68521154451502]}"
1683,3,567.0,740.0,933.0,1545.0,65535.0,599.0,713.0,986.0,1303.0,65535.0,"{""type"":""Point"",""coordinates"":[36.6338856944056,49.366346641009585]}"
1686,3,750.0,1063.0,1360.0,2305.0,65535.0,661.0,800.0,1049.0,1789.0,65535.0,"{""type"":""Point"",""coordinates"":[31.006841494501433,48.5713888297744]}"
1687,3,358.0,560.0,612.0,1907.0,65535.0,370.0,494.0,674.0,1567.0,65535.0,"{""type"":""Point"",""coordinates"":[29.37751995927665,45.97110180818549]}"
1688,3,867.0,1214.0,1625.0,3295.0,65535.0,613.0,793.0,1104.0,1975.0,65535.0,"{""type"":""Point"",""coordinates"":[28.7764244100345,49.58137300301141]}"
1699,2,553.0,948.0,949.0,3105.0,65535.0,439.0,798.0,744.0,3037.0,65535.0,"{""type"":""Point"",""coordinates"":[34.224714724507514,49.5262848835014]}"
1701,0,316.0,635.0,450.0,4063.0,65535.0,378.0,683.0,517.0,3841.0,65535.0,"{""type"":""Point"",""coordinates"":[33.45164043023887,50.71648723858029]}"
1702,4,711.0,1154.0,1484.0,3195.0,65535.0,514.0,741.0,857.0,2354.0,65535.0,"{""type"":""Point"",""coordinates"":[30.7138972615857,49.45822536169629]}"
1704,1,1070.0,1468.0,2005.0,2812.0,65535.0,761.0,990.0,1287.0,2002.0,65535.0,"{""type"":""Point"",""coordinates"":[34.620570259645255,47.01981840682308]}"
1706,3,707.0,975.0,1393.0,2490.0,65535.0,591.0,750.0,1049.0,2009.0,65535.0,"{""type"":""Point"",""coordinates"":[32.26488904559751,47.66639611244285]}"
1707,1,1026.0,1475.0,2086.0,3012.0,65535.0,740.0,959.0,1267.0,2309.0,65535.0,"{""type"":""Point"",""coordinates"":[34.53020040761752,46.79758974959886]}"
1712,2,587.0,742.0,1021.0,1556.0,65535.0,663.0,780.0,1120.0,1545.0,65535.0,"{""type"":""Point"",""coordinates"":[36.45394260502848,46.91852406067878]}"
1713,1,530.0,677.0,862.0,1617.0,65535.0,675.0,840.0,1182.0,1826.0,65535.0,"{""type"":""Point"",""coordinates"":[33.183419171944884,47.13844326505605]}"
1720,2,815.0,1026.0,1496.0,2452.0,65535.0,749.0,1005.0,1405.0,2386.0,65535.0,"{""type"":""Point"",""coordinates"":[34.998977688933564,49.40839027930293]}"
1726,3,738.0,1037.0,1372.0,2468.0,65535.0,478.0,873.0,683.0,2838.0,65535.0,"{""type"":""Point"",""coordinates"":[25.134529655612315,50.52313269095801]}"
1730,3,569.0,786.0,1002.0,1971.0,65535.0,567.0,682.0,908.0,1871.0,65535.0,"{""type"":""Point"",""coordinates"":[31.12070605586379,47.61358864589778]}"
1732,5,421.0,584.0,816.0,1707.0,65535.0,743.0,1078.0,1541.0,2864.0,65535.0,"{""type"":""Point"",""coordinates"":[35.299858747510946,50.72035957084195]}"
1734,3,541.0,821.0,919.0,2546.0,65535.0,565.0,798.0,864.0,2500.0,65535.0,"{""type"":""Point"",""coordinates"":[35.45664982371417,47.65115458520074]}"
1735,0,326.0,583.0,685.0,2550.0,65535.0,423.0,691.0,765.0,2450.0,65535.0,"{""type"":""Point"",""coordinates"":[25.459139732975352,49.97728799948134]}"
1736,5,501.0,721.0,902.0,2085.0,65535.0,658.0,988.0,1303.0,2812.0,65535.0,"{""type"":""Point"",""coordinates"":[35.825221413257616,49.40306353978709]}"
1745,3,581.0,831.0,1130.0,2114.0,65535.0,499.0,669.0,924.0,1643.0,65535.0,"{""type"":""Point"",""coordinates"":[34.32172299063019,46.746278332038145]}"
1747,2,713.0,1002.0,1392.0,2319.0,65535.0,732.0,926.0,1252.0,1842.0,65535.0,"{""type"":""Point"",""coordinates"":[37.55431395754501,48.51367588975845]}"
1748,2,818.0,1149.0,1557.0,2578.0,65535.0,656.0,839.0,1080.0,1845.0,65535.0,"{""type"":""Point"",""coordinates"":[34.34094323899184,47.06495944686271]}"
1757,3,406.0,514.0,672.0,1401.0,65535.0,382.0,515.0,677.0,1324.0,65535.0,"{""type"":""Point"",""coordinates"":[36.06600339661868,50.349387235652934]}"
1759,0,517.0,762.0,957.0,3091.0,65535.0,432.0,624.0,713.0,2411.0,65535.0,"{""type"":""Point"",""coordinates"":[35.47239593055445,47.189724715562335]}"
1764,0,248.0,405.0,276.0,4184.0,65535.0,317.0,490.0,380.0,3938.0,65535.0,"{""type"":""Point"",""coordinates"":[28.737413120343117,48.80268049171622]}"
1765,2,862.0,1309.0,1715.0,3336.0,65535.0,743.0,1021.0,1367.0,2533.0,65535.0,"{""type"":""Point"",""coordinates"":[37.076458918440686,47.080872623990054]}"
1767,3,1196.0,1834.0,2635.0,3983.0,65535.0,1054.0,1448.0,2114.0,2938.0,65535.0,"{""type"":""Point"",""coordinates"":[33.83240436339521,46.146613711292254]}"
1772,0,420.0,554.0,725.0,1370.0,65535.0,457.0,577.0,812.0,1448.0,65535.0,"{""type"":""Point"",""coordinates"":[38.314805265572694,48.72711156856463]}"
1774,3,976.0,1502.0,2116.0,3791.0,65535.0,692.0,845.0,1153.0,2042.0,65535.0,"{""type"":""Point"",""coordinates"":[30.702676044584965,48.00424494814313]}"
1779,3,460.0,682.0,969.0,2217.0,65535.0,699.0,1145.0,1193.0,2997.0,65535.0,"{""type"":""Point"",""coordinates"":[27.865151116241815,49.48281267999129]}"
1782,3,671.0,906.0,1225.0,2280.0,65535.0,764.0,1086.0,1486.0,2499.0,65535.0,"{""type"":""Point"",""coordinates"":[26.801754303956848,50.40274809532299]}"
1792,0,412.0,493.0,713.0,1354.0,65535.0,586.0,702.0,1065.0,1678.0,65535.0,"{""type"":""Point"",""coordinates"":[36.306433050076556,47.81564590838476]}"
1798,2,950.0,1271.0,1748.0,2771.0,65535.0,794.0,980.0,1348.0,2490.0,65535.0,"{""type"":""Point"",""coordinates"":[36.536766642765244,47.92620692034383]}"
1799,0,446.0,608.0,787.0,1822.0,65535.0,455.0,615.0,825.0,1760.0,65535.0,"{""type"":""Point"",""coordinates"":[37.49012187913918,47.73027907006808]}"
1802,3,940.0,1310.0,1803.0,3061.0,65535.0,615.0,800.0,1093.0,1662.0,65535.0,"{""type"":""Point"",""coordinates"":[36.760498611780704,48.55857836801746]}"
1818,3,936.0,1385.0,2056.0,3750.0,65535.0,699.0,1029.0,1240.0,2734.0,65535.0,"{""type"":""Point"",""coordinates"":[33.10427095129886,48.24759226916608]}"
1838,3,857.0,1168.0,1701.0,2695.0,65535.0,581.0,733.0,1000.0,1554.0,65535.0,"{""type"":""Point"",""coordinates"":[31.70090727858586,47.169252638075456]}"
1847,4,610.0,829.0,1150.0,2093.0,65535.0,785.0,1051.0,1501.0,2413.0,65535.0,"{""type"":""Point"",""coordinates"":[32.63727009216478,48.598259445861814]}"
1851,1,879.0,1203.0,1629.0,2685.0,65535.0,966.0,1286.0,1738.0,2628.0,65535.0,"{""type"":""Point"",""coordinates"":[35.45424382382021,47.730502365391345]}"
1859,0,396.0,634.0,550.0,3280.0,65535.0,376.0,646.0,576.0,3306.0,65535.0,"{""type"":""Point"",""coordinates"":[39.42235444306705,48.99078194639493]}"
1864,3,665.0,984.0,1423.0,2205.0,65535.0,719.0,1009.0,1433.0,2066.0,65535.0,"{""type"":""Point"",""coordinates"":[32.68444293131572,45.47365226202447]}"
1869,2,729.0,928.0,1308.0,1989.0,65535.0,740.0,925.0,1307.0,2033.0,65535.0,"{""type"":""Point"",""coordinates"":[35.394343627649626,47.61224159595813]}"
1871,0,469.0,759.0,830.0,3209.0,65535.0,496.0,729.0,766.0,2866.0,65535.0,"{""type"":""Point"",""coordinates"":[37.110853457926595,48.83452490252525]}"
1872,3,500.0,627.0,809.0,1425.0,65535.0,577.0,693.0,946.0,1463.0,65535.0,"{""type"":""Point"",""coordinates"":[30.42471607894108,47.604167454584946]}"
1874,1,663.0,917.0,1266.0,2141.0,65535.0,618.0,760.0,1077.0,1737.0,65535.0,"{""type"":""Point"",""coordinates"":[29.2179558555331,45.79149783148311]}"
1877,2,413.0,699.0,720.0,2985.0,65535.0,501.0,588.0,803.0,1333.0,65535.0,"{""type"":""Point"",""coordinates"":[33.58964104755297,48.60088420403867]}"
1894,0,576.0,800.0,1074.0,2447.0,65535.0,418.0,672.0,561.0,2566.0,65535.0,"{""type"":""Point"",""coordinates"":[29.58063571684041,47.87822292481586]}"
1899,3,761.0,1103.0,1533.0,2766.0,65535.0,1000.0,1412.0,1959.0,3298.0,65535.0,"{""type"":""Point"",""coordinates"":[32.301550983530944,51.551055057975866]}"
1901,0,502.0,709.0,914.0,2140.0,65535.0,468.0,715.0,732.0,2381.0,65535.0,"{""type"":""Point"",""coordinates"":[35.91494162118288,47.223525211393]}"
1913,3,476.0,638.0,814.0,1597.0,65535.0,834.0,1188.0,1624.0,2906.0,65535.0,"{""type"":""Point"",""coordinates"":[34.320926137063495,49.51989556174415]}"
1918,3,492.0,651.0,947.0,1788.0,65535.0,892.0,1280.0,1757.0,3126.0,65535.0,"{""type"":""Point"",""coordinates"":[38.40417539658045,49.75856479229442]}"
1922,3,490.0,636.0,862.0,1678.0,65535.0,510.0,667.0,831.0,1627.0,65535.0,"{""type"":""Point"",""coordinates"":[37.568949245131755,48.99634280506611]}"
1924,3,482.0,690.0,919.0,1815.0,65535.0,422.0,560.0,693.0,1503.0,65535.0,"{""type"":""Point"",""coordinates"":[26.678111519335125,49.80369377641322]}"
1931,1,629.0,926.0,1133.0,2437.0,65535.0,812.0,1038.0,1280.0,2275.0,65535.0,"{""type"":""Point"",""coordinates"":[32.40219512231575,49.25062190874213]}"
1932,3,739.0,959.0,1298.0,2338.0,65535.0,647.0,853.0,1076.0,2110.0,65535.0,"{""type"":""Point"",""coordinates"":[36.04108423790143,47.37884210741794]}"
1936,0,421.0,632.0,604.0,2760.0,65535.0,439.0,624.0,665.0,2567.0,65535.0,"{""type"":""Point"",""coordinates"":[36.05654242421292,49.422368957433704]}"
1943,0,198.0,314.0,292.0,2063.0,65535.0,288.0,431.0,468.0,2038.0,65535.0,"{""type"":""Point"",""coordinates"":[29.948477896039137,50.22590228984432]}"
1951,0,536.0,676.0,904.0,1445.0,65535.0,612.0,783.0,1031.0,1629.0,65535.0,"{""type"":""Point"",""coordinates"":[32.20318097495872,46.675227624621634]}"
1966,3,610.0,795.0,1051.0,1790.0,65535.0,533.0,730.0,958.0,1699.0,65535.0,"{""type"":""Point"",""coordinates"":[37.414231074477215,49.31574993054603]}"
1968,0,269.0,448.0,465.0,2128.0,65535.0,334.0,624.0,444.0,3255.0,65535.0,"{""type"":""Point"",""coordinates"":[29.654724919236816,47.955963668459425]}"
1969,4,711.0,1047.0,1316.0,2449.0,65535.0,601.0,855.0,1000.0,2226.0,65535.0,"{""type"":""Point"",""coordinates"":[37.55013202618504,49.47151526017918]}"
1985,2,962.0,1378.0,2051.0,3277.0,65535.0,633.0,853.0,1081.0,2079.0,65535.0,"{""type"":""Point"",""coordinates"":[31.13430194806117,46.74777029349236]}"
1989,2,442.0,525.0,704.0,1472.0,65535.0,542.0,623.0,886.0,1506.0,65535.0,"{""type"":""Point"",""coordinates"":[33.08521351356793,48.42177707185008]}"
